lineage,position,allele
B.1.617.2,26767,C
B.1.617.2,28461,G
B.1.617.2,28881,T
B.1.617.2,29402,T
B.1.617.2,25469,T
B.1.617.2,27638,C
B.1.617.2,27752,T
B.1.617.2,21618,G
B.1.617.2,21987,A
B.1.617.2,22917,G
B.1.617.2,22995,A
B.1.617.2,23604,G
B.1.617.2,24410,A
B.1.1.7,28977,T
B.1.1.7,5986,T
B.1.1.7,14676,T
B.1.1.7,15279,T
B.1.1.7,16176,C
B.1.1.7,26801,T
B.1.1.7,6954,C
B.1.1.7,27972,T
B.1.1.7,28048,T
B.1.1.7,28111,G
B.1.1.7,23063,T
B.1.1.7,23271,A
B.1.1.7,23604,A
B.1.1.7,23709,T
B.1.1.7,24506,G
B.1.1.7,24914,C
B.1.1.7,913,T
B.1.1.7,3267,T
B.1.1.7,5388,A